<?xml version="1.0" encoding="utf-8"?><!DOCTYPE nta PUBLIC '-//Uppaal Team//DTD Flat System 1.1//EN' 'http://www.it.uu.se/research/group/darts/uppaal/flat-1_1.dtd'><nta><declaration>// Place global declarations here.
chan use_straightner, put_straightner, use_curler, put_curler;</declaration><template><name x="5" y="5">hairstylist</name><declaration>// Place local declarations here.
</declaration><location id="id0" x="536" y="112" color="#ff00ff"><name x="552" y="96">curl_with_curler</name></location><location id="id1" x="536" y="-24" color="#ff00ff"><name x="552" y="-40">curl_with_straightner</name></location><location id="id2" x="336" y="248" color="#ff00ff"><name x="352" y="232">style_without_tool</name></location><location id="id3" x="336" y="-144" color="#ff00ff"><name x="352" y="-160">style_with_straightner</name></location><location id="id4" x="128" y="248" color="#ff00ff"><name x="96" y="264">braids</name></location><location id="id5" x="120" y="56" color="#ff00ff"><name x="80" y="24">curls</name></location><location id="id6" x="120" y="-144" color="#ff00ff"><name x="80" y="-176">Straight_hair</name></location><location id="id7" x="-48" y="56" color="#ff00ff"><name x="-104" y="48">start</name></location><init ref="id7"/><transition><source ref="id0"/><target ref="id7"/><label kind="synchronisation" x="320" y="168">put_curler!</label><nail x="344" y="200"/></transition><transition><source ref="id1"/><target ref="id7"/><label kind="synchronisation" x="312" y="-72">put_straightner!</label><nail x="352" y="-88"/></transition><transition><source ref="id3"/><target ref="id7"/><label kind="synchronisation" x="84" y="-59">put_straightner!</label></transition><transition><source ref="id2"/><target ref="id7"/></transition><transition><source ref="id5"/><target ref="id0"/><label kind="synchronisation" x="368" y="72">use_curler!</label></transition><transition><source ref="id5"/><target ref="id1"/><label kind="synchronisation" x="352" y="0">use_straightner!</label></transition><transition><source ref="id6"/><target ref="id3"/><label kind="synchronisation" x="168" y="-168">use_straightner!</label></transition><transition><source ref="id4"/><target ref="id2"/><nail x="320" y="248"/></transition><transition><source ref="id7"/><target ref="id4"/></transition><transition><source ref="id7"/><target ref="id5"/></transition><transition><source ref="id7"/><target ref="id6"/></transition></template><template><name>straightner</name><location id="id8" x="16" y="-16" color="#ffff00"><name x="6" y="-46">busy</name></location><location id="id9" x="-112" y="-16" color="#ffff00"><name x="-122" y="-46">free</name></location><init ref="id9"/><transition><source ref="id8"/><target ref="id9"/><label kind="synchronisation" x="-96" y="48">put_straightner?</label><nail x="16" y="48"/><nail x="-112" y="48"/></transition><transition><source ref="id9"/><target ref="id8"/><label kind="synchronisation" x="-96" y="-96">use_straightner?</label><nail x="-112" y="-72"/><nail x="16" y="-72"/></transition></template><template><name>curler</name><location id="id10" x="24" y="-8" color="#ffc0cb"><name x="14" y="-38">busy</name></location><location id="id11" x="-104" y="-8" color="#ffc0cb"><name x="-114" y="-38">free</name></location><init ref="id11"/><transition><source ref="id10"/><target ref="id11"/><label kind="synchronisation" x="-72" y="48">put_curler?</label><nail x="24" y="48"/><nail x="-104" y="48"/></transition><transition><source ref="id11"/><target ref="id10"/><label kind="synchronisation" x="-80" y="-96">use_curler?</label><nail x="-104" y="-72"/><nail x="24" y="-72"/></transition></template><system>
hairstylist1 = hairstylist();
hairstylist2 = hairstylist();

system hairstylist1,hairstylist2,straightner,curler;</system></nta>