<?xml version="1.0" encoding="utf-8"?><!DOCTYPE nta PUBLIC '-//Uppaal Team//DTD Flat System 1.1//EN' 'http://www.it.uu.se/research/group/darts/uppaal/flat-1_1.dtd'><nta><declaration>// Place global declarations here.
chan press;
int x;</declaration><template><name x="5" y="5">controller</name><declaration>// Place local declarations here.
</declaration><location id="id0" x="104" y="0"><name x="88" y="-32">dim</name></location><location id="id1" x="216" y="0" color="#ffff00"><name x="224" y="-32">light</name></location><location id="id2" x="352" y="0" color="#ffa500"><name x="360" y="-32">bright</name></location><location id="id3" x="-40" y="0" color="#ffffff"><name x="-72" y="-24">off</name></location><init ref="id3"/><transition><source ref="id0"/><target ref="id3"/><label kind="guard" x="56" y="48">x&gt;3</label><nail x="104" y="104"/></transition><transition><source ref="id0"/><target ref="id1"/><label kind="guard" x="144" y="0">x&lt;=3</label></transition><transition><source ref="id1"/><target ref="id3"/><label kind="guard" x="48" y="-128">x&gt;3</label><label kind="synchronisation" x="40" y="-152">press?</label><nail x="216" y="-128"/><nail x="-40" y="-128"/></transition><transition><source ref="id2"/><target ref="id3"/><label kind="synchronisation" x="144" y="200">press?</label><nail x="352" y="200"/><nail x="-40" y="200"/></transition><transition><source ref="id1"/><target ref="id2"/><label kind="guard" x="240" y="0">x&lt;=3</label><label kind="synchronisation" x="240" y="-24">press?</label></transition><transition><source ref="id3"/><target ref="id0"/><label kind="synchronisation" x="32" y="-24">press?</label><label kind="assignment" x="40" y="0">x:=0</label><nail x="80" y="0"/></transition></template><template><name>user</name><location id="id4" x="-14" y="14" color="#00ffff"><name x="-56" y="0">idle</name></location><init ref="id4"/><transition><source ref="id4"/><target ref="id4"/><label kind="synchronisation" x="24" y="-96">press!</label><nail x="-16" y="-72"/><nail x="96" y="-72"/><nail x="96" y="88"/><nail x="-16" y="88"/></transition></template><system>// Place template instantiations here.
controller1= controller();
user1=user();
// List one or more processes to be composed into a system.
system user1, controller;</system></nta>